city_name,day,today_average_temp,temp_diff_from_yesterday
Bangkok,2026-08-30,28.25,""
Bangkok,2026-08-31,27.61,0.64
Bangkok,2026-09-01,28.07,0.46
Bangkok,2026-09-02,27.58,0.49
Bangkok,2026-09-03,28.34,0.76
Bangkok,2026-09-04,28.07,0.27
Bangkok,2026-09-05,28.44,0.37
Chiang Mai,2026-08-30,25.87,""
Chiang Mai,2026-08-31,25.17,"0.70"
Chiang Mai,2026-09-01,25.47,"0.30"
Chiang Mai,2026-09-02,25.77,"0.30"
Chiang Mai,2026-09-03,25.68,0.09
Chiang Mai,2026-09-04,25.59,0.09
Chiang Mai,2026-09-05,25.54,0.05
Hat Yai,2026-08-30,"28.90",""
Hat Yai,2026-08-31,29.38,0.48
Hat Yai,2026-09-01,29.16,0.22
Hat Yai,2026-09-02,"27.70",1.46
Hat Yai,2026-09-03,26.11,1.59
Hat Yai,2026-09-04,"27.40",1.29
Hat Yai,2026-09-05,27.09,0.31
Khon Kaen,2026-08-30,26.99,""
Khon Kaen,2026-08-31,27.09,"0.10"
Khon Kaen,2026-09-01,26.45,0.64
Khon Kaen,2026-09-02,27.44,0.99
Khon Kaen,2026-09-03,26.84,"0.60"
Khon Kaen,2026-09-04,26.73,0.11
Khon Kaen,2026-09-05,"26.70",0.03
Phuket,2026-08-30,29.27,""
Phuket,2026-08-31,29.16,0.11
Phuket,2026-09-01,28.85,0.31
Phuket,2026-09-02,26.74,2.11
Phuket,2026-09-03,26.13,0.61
Phuket,2026-09-04,27.51,1.38
Phuket,2026-09-05,27.23,0.28
